<?xml version="1.0" encoding="UTF-8"?>
<?xml-model href="../data/standard/TaxInvoice_Schematron_2p0.sch" type="application/xml" schematypens="http://purl.oclc.org/dsdl/schematron"?>
<rsm:TaxInvoice_CrossIndustryInvoice 
 xmlns:ram="urn:etda:uncefact:data:standard:TaxInvoice_ReusableAggregateBusinessInformationEntity:1"
 xmlns:rsm="urn:etda:uncefact:data:standard:TaxInvoice_CrossIndustryInvoice:2"
 xmlns:xsi="http://www.w3.org/2001/XMLSchema-instance"
 xsi:schemaLocation="urn:etda:uncefact:data:standard:TaxInvoice_CrossIndustryInvoice:2 file:../data/standard/TaxInvoice_CrossIndustryInvoice_2p0.xsd">
    <rsm:ExchangedDocumentContext>
        <ram:GuidelineSpecifiedCIDocumentContextParameter>
            <ram:ID schemeVersionID="v1.0">ER3-2558</ram:ID>
        </ram:GuidelineSpecifiedCIDocumentContextParameter>
    </rsm:ExchangedDocumentContext>
    <rsm:ExchangedDocument>
        <ram:ID>423-612</ram:ID>
        <ram:Name>ใบกำกับภาษี</ram:Name>
        <ram:TypeCode>388</ram:TypeCode>
        <ram:IssueDateTime>2006-05-04T18:13:51.0
        </ram:IssueDateTime>
        <ram:GlobalID>2.16.764.1.0.x</ram:GlobalID>
        <ram:CreationDateTime>2006-05-04T18:13:51.0
        </ram:CreationDateTime>
        <ram:IncludedCINote>
            <ram:Subject>หมายเหตุ</ram:Subject>
            <ram:Content>บรรทัดที่ 1</ram:Content>
            <ram:Content>บรรทัดที่ 2</ram:Content>
        </ram:IncludedCINote>
    </rsm:ExchangedDocument>
    <rsm:SupplyChainTradeTransaction>
        <ram:ApplicableHeaderTradeAgreement>
            <ram:SellerCITradeParty>
               <ram:Name>aaaTest</ram:Name>
                <ram:SpecifiedCILegalOrganization>
                    <ram:ID schemeID="TaxID" schemeAgencyID="RD">333333333333300000</ram:ID>
                </ram:SpecifiedCILegalOrganization>
                <ram:DefinedCITradeContact>
                    <ram:EmailURICIUniversalCommunication>
                        <ram:URIID>mailto:aaa</ram:URIID>
                        <ram:CompleteNumber>sopittha@etda.or.th</ram:CompleteNumber>
                    </ram:EmailURICIUniversalCommunication>
                </ram:DefinedCITradeContact>
                <ram:PostalCITradeAddress>
                    <ram:PostcodeCode>10240</ram:PostcodeCode>
                    <ram:BuildingName>เดอะมอลล์บางกะปิ</ram:BuildingName>
                    <ram:StreetName>ลาดพร้าว</ram:StreetName>
                    <ram:CityName>บางงกะปิ</ram:CityName>
                    <ram:CitySubDivisionName>คลองจั่น</ram:CitySubDivisionName>
                    <ram:CountryID schemeID="3166-1 alpha-2">TH</ram:CountryID>
                    <ram:CountrySubDivisionID schemeID="3166-2 numeric">10</ram:CountrySubDivisionID>
                    <ram:BuildingNumber>99</ram:BuildingNumber>
                </ram:PostalCITradeAddress>
               
            </ram:SellerCITradeParty>
            <ram:BuyerCITradeParty>
                <ram:Name>อติชาต ชัยแสง</ram:Name>
                <ram:SpecifiedCILegalOrganization>
                    <ram:ID schemeID="TaxID" schemeName="Tax Registration Number" schemeAgencyName="RD">9999999999999</ram:ID>
                </ram:SpecifiedCILegalOrganization>
                <ram:PostalCITradeAddress>
                    <ram:PostcodeCode>10400</ram:PostcodeCode>
                    <ram:BuildingName>อาคารเบญจจินดา</ram:BuildingName>
                    <ram:StreetName>กำแพงเพชร 6</ram:StreetName>
                    <ram:CityName>จตุจักร</ram:CityName>
                    <ram:CitySubDivisionName>พหลโยธิน</ram:CitySubDivisionName>
                    <ram:CountryID schemeID="3166-1 alpha-2">TH</ram:CountryID>
                    <ram:CountrySubDivisionID schemeID="3166-2 numeric">10</ram:CountrySubDivisionID>
                    <ram:BuildingNumber>40/20</ram:BuildingNumber>
                </ram:PostalCITradeAddress>
            </ram:BuyerCITradeParty>         
        </ram:ApplicableHeaderTradeAgreement>
        <ram:ApplicableHeaderTradeDelivery>
            <ram:ShipToCITradeParty>
                <ram:Name>ddd</ram:Name>
            </ram:ShipToCITradeParty>
            <ram:ShipFromCITradeParty>
                <ram:ID>00001234</ram:ID>
            </ram:ShipFromCITradeParty>
            <ram:ActualDeliveryCISupplyChainEvent>
                <ram:OccurrenceDateTime>2006-05-04T18:13:51.0
                </ram:OccurrenceDateTime>
            </ram:ActualDeliveryCISupplyChainEvent>
        </ram:ApplicableHeaderTradeDelivery>
        <ram:ApplicableHeaderTradeSettlement>
            <ram:InvoiceCurrencyCode listID="ISO 4217 3A">THB</ram:InvoiceCurrencyCode>
            <ram:ApplicableCITradeTax>
                 <ram:TypeCode>VAT</ram:TypeCode>
                <ram:CalculatedRate>7</ram:CalculatedRate>
                <ram:BasisAmount>100.00</ram:BasisAmount>
            </ram:ApplicableCITradeTax>
            <ram:SpecifiedCIIHTradeSettlementMonetarySummation>
                <ram:AllowanceTotalAmount>50</ram:AllowanceTotalAmount>
                <ram:TaxTotalAmount>12978</ram:TaxTotalAmount>
                <ram:GrandTotalAmount>198628</ram:GrandTotalAmount>
            </ram:SpecifiedCIIHTradeSettlementMonetarySummation>
        </ram:ApplicableHeaderTradeSettlement>
        <ram:IncludedCIILSupplyChainTradeLineItem>
            <ram:AssociatedCIILDocumentLineDocument>
                <ram:LineID>1</ram:LineID>
            </ram:AssociatedCIILDocumentLineDocument>
            <ram:SpecifiedCIILSupplyChainTradeAgreement>
                <ram:GrossPriceProductCITradePrice>
                    <ram:ChargeAmount>90000.00</ram:ChargeAmount>
                </ram:GrossPriceProductCITradePrice>
            </ram:SpecifiedCIILSupplyChainTradeAgreement>
            <ram:SpecifiedCIILSupplyChainTradeDelivery>
                <ram:BilledQuantity>2</ram:BilledQuantity>
            </ram:SpecifiedCIILSupplyChainTradeDelivery>
            <ram:SpecifiedCIILSupplyChainTradeSettlement>
                <ram:SpecifiedCIILTradeSettlementMonetarySummation>
                    <ram:NetLineTotalAmount>179900.00</ram:NetLineTotalAmount>
                </ram:SpecifiedCIILTradeSettlementMonetarySummation>
            </ram:SpecifiedCIILSupplyChainTradeSettlement>
            <ram:SpecifiedCITradeProduct>                
                <ram:Name>Computer Notebook Compag Presario1700</ram:Name>                
            </ram:SpecifiedCITradeProduct>
        </ram:IncludedCIILSupplyChainTradeLineItem>        
    </rsm:SupplyChainTradeTransaction>
</rsm:TaxInvoice_CrossIndustryInvoice>
