<?xml version="1.0" encoding="UTF-8"?>
<?xml-model href="../data/standard/Invoice_Schematron_2p0.sch" type="application/xml" schematypens="http://purl.oclc.org/dsdl/schematron"?>

<rsm:Invoice_CrossIndustryInvoice xmlns:ids64277="urn:un:unece:uncefact:identifierlist:standard:UNECE:PaymentTermsDescriptionIdentifier:D14A"
 xmlns:ccts="urn:un:unece:uncefact:documentation:standard:CoreComponentsTechnicalSpecification:2"

 xmlns:udt="urn:un:unece:uncefact:data:standard:UnqualifiedDataType:16"

 xmlns:qdt="urn:etda:uncefact:data:standard:Invoice_QualifiedDataType:1"
 xmlns:ram="urn:etda:uncefact:data:standard:Invoice_ReusableAggregateBusinessInformationEntity:2"
 xmlns:rsm="urn:etda:uncefact:data:standard:Invoice_CrossIndustryInvoice:2"

 xmlns:ds="http://www.w3.org/2000/09/xmldsig#"
 
 xmlns:ns1="urn:etda:uncefact:data:standard:QualifiedDataType:1"
 xmlns:xsi="http://www.w3.org/2001/XMLSchema-instance"
 xsi:schemaLocation="urn:etda:uncefact:data:standard:Invoice_CrossIndustryInvoice:2 ../../ETDA/data/standard/Invoice_CrossIndustryInvoice_2p0.xsd">
    <rsm:ExchangedDocumentContext>
        <ram:GuidelineSpecifiedDocumentContextParameter>
            <ram:ID schemeName="ETDA" schemeVersionID="v1-0">EDR3-2558</ram:ID>
        </ram:GuidelineSpecifiedDocumentContextParameter>
    </rsm:ExchangedDocumentContext>
    <rsm:ExchangedDocument>
        <ram:ID>423-612</ram:ID>
        <ram:Name>ใบแจ้งหนี้</ram:Name>
        <ram:TypeCode>380</ram:TypeCode>
        <ram:IssueDateTime>2006-05-04T00:00:00.0</ram:IssueDateTime>
        <ram:Purpose>:pZJSMeL</ram:Purpose>
        <ram:PurposeCode>42</ram:PurposeCode>
        <ram:GlobalID schemeID="OID" schemeAgencyID="ETDA">2.16.764.1.0.x</ram:GlobalID> 
        <ram:IncludedNote>
            <ram:Subject>oM8G2oV7</ram:Subject>
            <ram:Content>A2BcyVpQ</ram:Content>
        </ram:IncludedNote>
    </rsm:ExchangedDocument>
    <rsm:SupplyChainTradeTransaction>
        <ram:ApplicableHeaderTradeAgreement>
            <ram:SellerTradeParty>
                <ram:ID>T0019</ram:ID>
                <ram:GlobalID schemeID="GLN" schemeAgencyID="GS1">8850001999993</ram:GlobalID>
                <ram:Name>ชื่อผู้ขาย</ram:Name>
                <ram:SpecifiedTaxRegistration>
                    <ram:ID schemeID="TaxID" schemeAgencyID="RD">333333333333300000</ram:ID>
                </ram:SpecifiedTaxRegistration>
                <ram:DefinedTradeContact>
                   
                    <ram:EmailURIUniversalCommunication>
                        <ram:URIID>seller@gmail.com</ram:URIID>                       
                    </ram:EmailURIUniversalCommunication>                    
                </ram:DefinedTradeContact>
                <ram:PostalTradeAddress>
                    <ram:PostcodeCode>10240</ram:PostcodeCode>
                    <ram:BuildingName>เดอะมอลล์บางกะปิ</ram:BuildingName>
                    <ram:StreetName>ลาดพร้าว</ram:StreetName>
                    <ram:CityName>1006</ram:CityName>
                    <ram:CitySubDivisionName>100601</ram:CitySubDivisionName>
                    <ram:CountryID>TH</ram:CountryID>
                    <ram:CountrySubDivisionID>10</ram:CountrySubDivisionID>
                    <ram:BuildingNumber>99</ram:BuildingNumber>
                </ram:PostalTradeAddress>
            </ram:SellerTradeParty>
            <ram:BuyerTradeParty>
                <ram:ID>S000015QgoXpxSf</ram:ID>
                <ram:GlobalID schemeID="GLN" schemeAgencyID="GS1">8850001999993</ram:GlobalID>
                <ram:Name>บริษัท แนวตั้ง จำกัด</ram:Name>
                <ram:SpecifiedTaxRegistration>
                    <ram:ID schemeID="TaxID" schemeName="Tax Registration Number" schemeAgencyName="RD">9999999999999</ram:ID>
                </ram:SpecifiedTaxRegistration>  
                <ram:DefinedTradeContact>
                    <ram:PersonName>test</ram:PersonName>
                    <ram:DepartmentName>test</ram:DepartmentName>
                    <ram:EmailURIUniversalCommunication>
                        <ram:URIID>test@mail.com</ram:URIID>
                    </ram:EmailURIUniversalCommunication>
                </ram:DefinedTradeContact>
                <ram:PostalTradeAddress>
                    <ram:PostcodeCode>10400</ram:PostcodeCode>
                    <ram:BuildingName>อาคารเบญจจินดา</ram:BuildingName>
                    <ram:StreetName>กำแพงเพชร 6</ram:StreetName>
                    <ram:CityName>1030</ram:CityName>
                    <ram:CitySubDivisionName>103001</ram:CitySubDivisionName>
                    <ram:CountryID>TH</ram:CountryID>
                    <ram:CountrySubDivisionID>10</ram:CountrySubDivisionID>
                    <ram:BuildingNumber>40/20</ram:BuildingNumber>                
                </ram:PostalTradeAddress>
            </ram:BuyerTradeParty>
            <ram:ApplicableTradeDeliveryTerms>
                <ram:DeliveryTypeCode>FCA</ram:DeliveryTypeCode>
            </ram:ApplicableTradeDeliveryTerms>
            <ram:BuyerOrderReferencedDocument>
                <ram:IssuerAssignedID>123456789012345678901234567890</ram:IssuerAssignedID>
                <ram:IssueDateTime>2017-01-29T00:00:00Z</ram:IssueDateTime>
                <ram:ReferenceTypeCode>LAR</ram:ReferenceTypeCode>
            </ram:BuyerOrderReferencedDocument>
            <ram:AdditionalReferencedDocument>
                <ram:IssuerAssignedID>123456789012345678901234567890</ram:IssuerAssignedID>
                <ram:IssueDateTime>2017-01-29T10:05:51Z</ram:IssueDateTime>
                <ram:ReferenceTypeCode>BA</ram:ReferenceTypeCode>
            </ram:AdditionalReferencedDocument>
        </ram:ApplicableHeaderTradeAgreement>
        <ram:ApplicableHeaderTradeDelivery>
            <ram:ShipToTradeParty>
                <ram:ID>T0019</ram:ID>
                <ram:GlobalID schemeID="GLN" schemeAgencyID="GS1">8850001999993</ram:GlobalID>
                <ram:Name>บริษัท แนวตั้ง จำกัด</ram:Name>
                <ram:DefinedTradeContact>
                    <ram:PersonName>อติชาต ชัยแสง</ram:PersonName>
                    <ram:DepartmentName>ฝ่ายขาย</ram:DepartmentName>
                    <ram:TelephoneUniversalCommunication>
                        <ram:CompleteNumber>+66-123-1234</ram:CompleteNumber>
                    </ram:TelephoneUniversalCommunication>
                </ram:DefinedTradeContact>
                <ram:PostalTradeAddress>
                    <ram:PostcodeCode>10400</ram:PostcodeCode>
                    <ram:BuildingName>อาคารเบญจจินดา</ram:BuildingName>
                    <ram:StreetName>กำแพงเพชร 6</ram:StreetName>
                    <ram:CityName>1030</ram:CityName>
                    <ram:CitySubDivisionName>103001</ram:CitySubDivisionName>
                    <ram:CountryID>TH</ram:CountryID>
                    <ram:CountrySubDivisionID>10</ram:CountrySubDivisionID>
                    <ram:BuildingNumber>40/20</ram:BuildingNumber>
                </ram:PostalTradeAddress>
            </ram:ShipToTradeParty>
            <ram:ShipFromTradeParty>
                <ram:ID>T0019</ram:ID>
                <ram:GlobalID schemeID="GLN" schemeAgencyID="GS1">8850001999993</ram:GlobalID>
                <ram:Name>ชื่อผู้ขาย</ram:Name>
            </ram:ShipFromTradeParty>
            <ram:ActualDeliverySupplyChainEvent>
                <ram:OccurrenceDateTime>2006-05-04T00:00:00.0
                </ram:OccurrenceDateTime>
            </ram:ActualDeliverySupplyChainEvent>
        </ram:ApplicableHeaderTradeDelivery>        
        <ram:ApplicableHeaderTradeSettlement>
            <ram:InvoiceCurrencyCode>THB</ram:InvoiceCurrencyCode>
            <ram:ApplicableTradeTax>
                <ram:TypeCode>VAT</ram:TypeCode>
                <ram:CalculatedRate>7.00</ram:CalculatedRate>
                <ram:BasisAmount>1000.00</ram:BasisAmount>
            </ram:ApplicableTradeTax> 
            <ram:SpecifiedTradeAllowanceCharge>
                <ram:ChargeIndicator>true
                </ram:ChargeIndicator>
                <ram:ActualAmount>10</ram:ActualAmount>
                <ram:ReasonCode>79</ram:ReasonCode>
             
            </ram:SpecifiedTradeAllowanceCharge>
            <ram:SpecifiedTradePaymentTerms>
                <ram:TypeCode>49</ram:TypeCode>
            </ram:SpecifiedTradePaymentTerms>
            <ram:SpecifiedTradeSettlementHeaderMonetarySummation>
                <ram:LineTotalAmount>1000.00</ram:LineTotalAmount>
                <ram:AllowanceTotalAmount>10</ram:AllowanceTotalAmount>
                <ram:TaxTotalAmount>70.00</ram:TaxTotalAmount>
                <ram:GrandTotalAmount>1070.00</ram:GrandTotalAmount>
            </ram:SpecifiedTradeSettlementHeaderMonetarySummation>
        </ram:ApplicableHeaderTradeSettlement>
        <ram:IncludedSupplyChainTradeLineItem>
            <ram:AssociatedDocumentLineDocument>
                <ram:LineID>1</ram:LineID>
            </ram:AssociatedDocumentLineDocument>
            <ram:SpecifiedLineTradeSettlement>
            </ram:SpecifiedLineTradeSettlement>
        </ram:IncludedSupplyChainTradeLineItem>
        <ram:IncludedSupplyChainTradeLineItem>
            <ram:AssociatedDocumentLineDocument>
                <ram:LineID>LineID1</ram:LineID>
            </ram:AssociatedDocumentLineDocument>
            <ram:SpecifiedLineTradeSettlement>
            </ram:SpecifiedLineTradeSettlement>
        </ram:IncludedSupplyChainTradeLineItem>
    </rsm:SupplyChainTradeTransaction>
</rsm:Invoice_CrossIndustryInvoice>
