<?xml version="1.0" encoding="UTF-8"?>
<?xml-model href="../data/standard/Invoice_Schematron_2p0.sch" type="application/xml" schematypens="http://purl.oclc.org/dsdl/schematron"?>
<rsm:Invoice_CrossIndustryInvoice 
 xmlns:ccts="urn:un:unece:uncefact:documentation:standard:CoreComponentsTechnicalSpecification:2"

 xmlns:ram="urn:etda:uncefact:data:standard:Invoice_ReusableAggregateBusinessInformationEntity:1"
 xmlns:rsm="urn:etda:uncefact:data:standard:Invoice_CrossIndustryInvoice:2"

 xmlns:ds="http://www.w3.org/2000/09/xmldsig#"

 xmlns:xsi="http://www.w3.org/2001/XMLSchema-instance"
 xsi:schemaLocation="urn:etda:uncefact:data:standard:Invoice_CrossIndustryInvoice:2 file:../data/standard/Invoice_CrossIndustryInvoice_2p0.xsd">
    <rsm:CIExchangedDocumentContext>
        <ram:GuidelineSpecifiedCIDocumentContextParameter>
            <ram:ID schemeName="ETDA" schemeVersionID="v1-0">EDR3-2558</ram:ID>
        </ram:GuidelineSpecifiedCIDocumentContextParameter>
    </rsm:CIExchangedDocumentContext>
    <rsm:CIIHExchangedDocument>
        <ram:ID>423-612</ram:ID>
        <ram:Name>ใบแจ้งหนี้</ram:Name>
        <ram:TypeCode>380</ram:TypeCode>
        <ram:IssueDateTime>2006-05-04T00:00:00.0</ram:IssueDateTime>
        <ram:Purpose>:pZJSMeL</ram:Purpose>
        <ram:PurposeCode>42</ram:PurposeCode>
        <ram:GlobalID schemeID="OID" schemeAgencyID="ETDA">2.16.764.1.0.x</ram:GlobalID> 
        <ram:IncludedCINote>
            <ram:Subject>oM8G2oV7</ram:Subject>
            <ram:Content>A2BcyVpQ</ram:Content>
        </ram:IncludedCINote>
    </rsm:CIIHExchangedDocument>
    <rsm:CIIHSupplyChainTradeTransaction>
        <ram:ApplicableCIIHSupplyChainTradeAgreement>
            <ram:SellerCITradeParty>
                <ram:ID>T0019</ram:ID>
                <ram:GlobalID schemeID="GLN" schemeAgencyID="GS1">8850001999993</ram:GlobalID>
                <ram:Name>ชื่อผู้ขาย</ram:Name>
                <ram:SpecifiedCILegalOrganization>
                    <ram:ID schemeID="TaxID" schemeAgencyID="RD">333333333333300000</ram:ID>
                </ram:SpecifiedCILegalOrganization>
                <ram:DefinedCITradeContact>
                    <ram:EmailURICIUniversalCommunication>
                        <ram:URIID>mailto:seller@gmail.com</ram:URIID>
                        <ram:CompleteNumber>seller@gmail.com</ram:CompleteNumber>
                    </ram:EmailURICIUniversalCommunication>  
                </ram:DefinedCITradeContact>
                <ram:PostalCITradeAddress>
                    <ram:PostcodeCode>10240</ram:PostcodeCode>
                    <ram:BuildingName>เดอะมอลล์บางกะปิ</ram:BuildingName>
                    <ram:StreetName>ลาดพร้าว</ram:StreetName>
                    <ram:CityName>1006</ram:CityName>
                    <ram:CitySubDivisionName>100601</ram:CitySubDivisionName>
                    <ram:CountryID>TH</ram:CountryID>
                    <ram:CountrySubDivisidonID>10</ram:CountrySubDivisidonID>
                    <ram:BuildingNumber>99</ram:BuildingNumber>
                </ram:PostalCITradeAddress>
            </ram:SellerCITradeParty>
            <ram:BuyerCITradeParty>
                <ram:ID>S000015QgoXpxSf</ram:ID>
                <ram:GlobalID schemeID="GLN" schemeAgencyID="GS1">8850001999993</ram:GlobalID>
                <ram:Name>บริษัท แนวตั้ง จำกัด</ram:Name>
                <ram:SpecifiedCILegalOrganization>
                    <ram:ID schemeID="TaxID" schemeName="Tax Registration Number" schemeAgencyName="RD">9999999999999</ram:ID>
                </ram:SpecifiedCILegalOrganization>
                <ram:DefinedCITradeContact>
                    <ram:EmailURICIUniversalCommunication>
                        <ram:URIID>mailto:Wutt.Na@gmail.com</ram:URIID>
                        <ram:CompleteNumber>Wutt.Na@gmail.com</ram:CompleteNumber>
                    </ram:EmailURICIUniversalCommunication>
                </ram:DefinedCITradeContact>
                <ram:PostalCITradeAddress>
                    <ram:PostcodeCode>10400</ram:PostcodeCode>
                    <ram:BuildingName>อาคารเบญจจินดา</ram:BuildingName>
                    <ram:StreetName>กำแพงเพชร 6</ram:StreetName>
                    <ram:CityName>1030</ram:CityName>
                    <ram:CitySubDivisionName>103001</ram:CitySubDivisionName>
                    <ram:CountryID>TH</ram:CountryID>
                    <ram:CountrySubDivisionID>10</ram:CountrySubDivisionID>
                    <ram:BuildingNumber>40/20</ram:BuildingNumber>
                </ram:PostalCITradeAddress>
            </ram:BuyerCITradeParty>
            <ram:ApplicableCITradeDeliveryTerms>
                <ram:DeliveryTypeCode>FCA</ram:DeliveryTypeCode>
            </ram:ApplicableCITradeDeliveryTerms>
            <ram:BuyerOrderReferencedCIReferencedDocument>
                <ram:IssuerAssignedID>123456789012345678901234567890</ram:IssuerAssignedID>
                <ram:IssueDateTime>2017-01-29T00:00:00Z</ram:IssueDateTime>
                <ram:ReferenceTypeCode>LAR</ram:ReferenceTypeCode>
            </ram:BuyerOrderReferencedCIReferencedDocument>
            <ram:AdditionalReferencedCIReferencedDocument>
                <ram:IssuerAssignedID>123456789012345678901234567890</ram:IssuerAssignedID>
                <ram:IssueDateTime>2017-01-29T10:05:51Z</ram:IssueDateTime>
                <ram:ReferenceTypeCode>BA</ram:ReferenceTypeCode>
            </ram:AdditionalReferencedCIReferencedDocument>
        </ram:ApplicableCIIHSupplyChainTradeAgreement>
        <ram:ApplicableCIIHSupplyChainTradeDelivery>
            <ram:ShipToCITradeParty>
                <ram:ID>T0019</ram:ID>
                <ram:GlobalID schemeID="GLN" schemeAgencyID="GS1">8850001999993</ram:GlobalID>
                <ram:Name>บริษัท แนวตั้ง จำกัด</ram:Name>
                <ram:DefinedCITradeContact>
                    <ram:PersonName>อติชาต ชัยแสง</ram:PersonName>
                    <ram:DepartmentName>ฝ่ายขาย</ram:DepartmentName>
                    <ram:TelephoneCIUniversalCommunication>
                        <ram:URIID>tel:+66-2123-1234;ext=91000</ram:URIID>
                        <ram:CompleteNumber>+66-123-1234</ram:CompleteNumber>
                    </ram:TelephoneCIUniversalCommunication>
                </ram:DefinedCITradeContact>
                <ram:PostalCITradeAddress>
                    <ram:PostcodeCode>10400</ram:PostcodeCode>
                    <ram:BuildingName>อาคารเบญจจินดา</ram:BuildingName>
                    <ram:StreetName>กำแพงเพชร 6</ram:StreetName>
                    <ram:CityName>1030</ram:CityName>
                    <ram:CitySubDivisionName>103001</ram:CitySubDivisionName>
                    <ram:CountryID>TH</ram:CountryID>
                    <ram:CountrySubDivisionID>10</ram:CountrySubDivisionID>
                    <ram:BuildingNumber>40/20</ram:BuildingNumber>
                </ram:PostalCITradeAddress>
            </ram:ShipToCITradeParty>
            <ram:ShipFromCITradeParty>
                <ram:ID>T0019</ram:ID>
                <ram:GlobalID schemeID="GLN" schemeAgencyID="GS1">8850001999993</ram:GlobalID>
                <ram:Name>ชื่อผู้ขาย</ram:Name>
            </ram:ShipFromCITradeParty>
            <ram:ActualDeliveryCISupplyChainEvent>
                <ram:OccurrenceDateTime>2006-05-04T00:00:00.0
                </ram:OccurrenceDateTime>
            </ram:ActualDeliveryCISupplyChainEvent>
        </ram:ApplicableCIIHSupplyChainTradeDelivery>
        <ram:ApplicableCIIHSupplyChainTradeSettlement>
            <ram:InvoiceCurrencyCode>THB</ram:InvoiceCurrencyCode>
            <ram:ApplicableCITradeTax>
                <ram:TypeCode>VAT</ram:TypeCode>
                <ram:CalculatedRate>7.00</ram:CalculatedRate>
                <ram:BasisAmount>1000.00</ram:BasisAmount>
            </ram:ApplicableCITradeTax>
            <ram:SpecifiedCITradeAllowanceCharge>
                <ram:ChargeIndicator>true
                </ram:ChargeIndicator>
                <ram:ActualAmount>10</ram:ActualAmount>
                <ram:TypeCode>79</ram:TypeCode>
            </ram:SpecifiedCITradeAllowanceCharge>
            <ram:SpecifiedCITradePaymentTerms>
                <ram:TypeCode>49</ram:TypeCode>
            </ram:SpecifiedCITradePaymentTerms>
            <ram:SpecifiedCIIHTradeSettlementMonetarySummation>
                <ram:LineTotalAmount>1000.00</ram:LineTotalAmount>
                <ram:AllowanceTotalAmount>10</ram:AllowanceTotalAmount>
                <ram:TaxTotalAmount>70.00</ram:TaxTotalAmount>
                <ram:GrandTotalAmount>1070.00</ram:GrandTotalAmount>
            </ram:SpecifiedCIIHTradeSettlementMonetarySummation>
        </ram:ApplicableCIIHSupplyChainTradeSettlement>
        <ram:IncludedCIILSupplyChainTradeLineItem>
            <ram:AssociatedCIILDocumentLineDocument>
                <ram:LineID>1</ram:LineID>
            </ram:AssociatedCIILDocumentLineDocument>
            <ram:SpecifiedCIILSupplyChainTradeAgreement>
                <ram:GrossPriceProductCITradePrice>
                    <ram:ChargeAmount>500</ram:ChargeAmount>
                    <ram:AppliedCITradeAllowanceCharge>
                    </ram:AppliedCITradeAllowanceCharge>
                </ram:GrossPriceProductCITradePrice>
            </ram:SpecifiedCIILSupplyChainTradeAgreement>
            <ram:SpecifiedCIILSupplyChainTradeDelivery>
                <ram:BilledQuantity unitCode="BX">2</ram:BilledQuantity>
            </ram:SpecifiedCIILSupplyChainTradeDelivery>
            <ram:SpecifiedCIILSupplyChainTradeSettlement>
                <ram:ApplicableCITradeTax>
                    <ram:TypeCode>VAT</ram:TypeCode>
                    <ram:CalculatedRate>7</ram:CalculatedRate>
                    <ram:BasisAmount>1000.00</ram:BasisAmount>
                </ram:ApplicableCITradeTax>
                <ram:SpecifiedCITradeAllowanceCharge>
                    <ram:ChargeIndicator>true
                    </ram:ChargeIndicator>
                    <ram:ActualAmount>0.00</ram:ActualAmount>
                    <ram:TypeCode>61</ram:TypeCode>
                </ram:SpecifiedCITradeAllowanceCharge>
                <ram:SpecifiedCIILTradeSettlementMonetarySummation>
                    <ram:TaxTotalAmount>70</ram:TaxTotalAmount>
                    <ram:NetLineTotalAmount>1000.00</ram:NetLineTotalAmount>
                    <ram:NetIncludingTaxesLineTotalAmount>1070.00</ram:NetIncludingTaxesLineTotalAmount>
                </ram:SpecifiedCIILTradeSettlementMonetarySummation>
            </ram:SpecifiedCIILSupplyChainTradeSettlement>
            <ram:SpecifiedCITradeProduct>
                <ram:ID>AS100000</ram:ID>
                <ram:GlobalID schemeID="GTIN" schemeAgencyID="GS1">12345678901234</ram:GlobalID>
                <ram:Name>Computer Notebook Compag Presario1700</ram:Name>
                <ram:IndividualCITradeProductInstance>
                    <ram:BatchID>g_1QE6ny</ram:BatchID>
                    <ram:ExpiryDateTime>2016-02-24T10:05:51Z
                    </ram:ExpiryDateTime>
                </ram:IndividualCITradeProductInstance>
                <ram:OriginCITradeCountry>
                    <ram:ID>TH</ram:ID>
                </ram:OriginCITradeCountry>
                <ram:InformationCINote>
                    <ram:Subject>0nE.WJEZ</ram:Subject>
                    <ram:Content>18zCnJZO</ram:Content>
                </ram:InformationCINote>
            </ram:SpecifiedCITradeProduct>
        </ram:IncludedCIILSupplyChainTradeLineItem>
    </rsm:CIIHSupplyChainTradeTransaction>
</rsm:Invoice_CrossIndustryInvoice>
