<?xml version="1.0" encoding="UTF-8"?>
<?xml-model href="../data/standard/AbbreviatedTaxInvoice_Schematron_2p0.sch" type="application/xml" schematypens="http://purl.oclc.org/dsdl/schematron"?>
<rsm:AbbreviatedTaxInvoice_CrossIndustryInvoice 
 xmlns:ram="urn:etda:uncefact:data:standard:AbbreviatedTaxInvoice_ReusableAggregateBusinessInformationEntity:2"
 xmlns:rsm="urn:etda:uncefact:data:standard:AbbreviatedTaxInvoice_CrossIndustryInvoice:2"
 xmlns:xsi="http://www.w3.org/2001/XMLSchema-instance"
 xsi:schemaLocation="urn:etda:uncefact:data:standard:AbbreviatedTaxInvoice_CrossIndustryInvoice:2 file:../data/standard/AbbreviatedTaxInvoice_CrossIndustryInvoice_2p0.xsd">
    <rsm:ExchangedDocumentContext>
        <ram:GuidelineSpecifiedDocumentContextParameter>
            <ram:ID schemeAgencyID="ETDA" schemeVersionID="v2.0">ER3-2559</ram:ID>
        </ram:GuidelineSpecifiedDocumentContextParameter>
    </rsm:ExchangedDocumentContext>
    <rsm:ExchangedDocument>
        <ram:ID>423-612</ram:ID>
        <ram:Name>ใบเสร็จรับเงิน/ใบกำกับภาษีอย่างย่อ</ram:Name>
        <ram:TypeCode>T4</ram:TypeCode>
        <ram:IssueDateTime>2006-05-04T18:13:51.0</ram:IssueDateTime>
        <ram:GlobalID>2.16.764.1.0.x</ram:GlobalID>
        <ram:CreationDateTime>2006-05-04T18:13:51.0</ram:CreationDateTime>
            <ram:IncludedNote>
            <ram:Subject>หมายเหตุ</ram:Subject>
            <ram:Content>บรรทัดที่ 1</ram:Content>
            <ram:Content>บรรทัดที่ 2</ram:Content>
        </ram:IncludedNote>
    </rsm:ExchangedDocument>
    <rsm:SupplyChainTradeTransaction>
        <ram:ApplicableHeaderTradeAgreement>
            <ram:SellerTradeParty>
                <ram:Name>ชื่อผู้ขาย</ram:Name>
                <ram:SpecifiedTaxRegistration>
                    <ram:ID schemeID="TaxID" schemeAgencyID="RD">333333333333300000</ram:ID>
                </ram:SpecifiedTaxRegistration>
                <ram:PostalTradeAddress>
                    <ram:PostcodeCode>10310</ram:PostcodeCode>
                    <ram:CityName>1017</ram:CityName>
                    <ram:CitySubDivisionName>101701</ram:CitySubDivisionName>
                    <ram:CountryID schemeID="3166-1 alpha-2">TH</ram:CountryID>
                    <ram:CountrySubDivisionID>10</ram:CountrySubDivisionID>
                    <ram:BuildingNumber>3/34</ram:BuildingNumber>
                </ram:PostalTradeAddress>
            </ram:SellerTradeParty>
        </ram:ApplicableHeaderTradeAgreement>
        <ram:ApplicableHeaderTradeDelivery>
            <ram:ShipFromTradeParty>
                <ram:ID>00001234</ram:ID>
            </ram:ShipFromTradeParty>
            <ram:ActualDeliverySupplyChainEvent>
                <ram:OccurrenceDateTime>2006-05-04T18:13:51.0
                </ram:OccurrenceDateTime>
            </ram:ActualDeliverySupplyChainEvent>
        </ram:ApplicableHeaderTradeDelivery>
        <ram:ApplicableHeaderTradeSettlement>
            <ram:InvoiceCurrencyCode listID="ISO 4217 3A">THB</ram:InvoiceCurrencyCode>
            <ram:ApplicableTradeTax>
                <ram:TypeCode>VAT</ram:TypeCode>
                <ram:CalculatedRate>7</ram:CalculatedRate>
                <ram:BasisAmount>63050</ram:BasisAmount>
                <ram:CalculatedAmount>4413.50</ram:CalculatedAmount>
            </ram:ApplicableTradeTax>
            <ram:SpecifiedTradeSettlementHeaderMonetarySummation>
                <ram:AllowanceTotalAmount>50</ram:AllowanceTotalAmount>
                <ram:TaxTotalAmount>12978</ram:TaxTotalAmount>
                <ram:GrandTotalAmount>198628</ram:GrandTotalAmount>
            </ram:SpecifiedTradeSettlementHeaderMonetarySummation>
        </ram:ApplicableHeaderTradeSettlement>
        <ram:IncludedSupplyChainTradeLineItem>
            <ram:AssociatedDocumentLineDocument>
                <ram:LineID>1</ram:LineID>
            </ram:AssociatedDocumentLineDocument>
            <ram:SpecifiedTradeProduct>                
                <ram:Name>Computer Notebook Compag Presario1700</ram:Name>                
            </ram:SpecifiedTradeProduct>
            <ram:SpecifiedLineTradeAgreement>
                <ram:GrossPriceProductTradePrice>
                    <ram:ChargeAmount>90000.00</ram:ChargeAmount>
                </ram:GrossPriceProductTradePrice>
            </ram:SpecifiedLineTradeAgreement>
            <ram:SpecifiedLineTradeDelivery>
                <ram:BilledQuantity>2</ram:BilledQuantity>
            </ram:SpecifiedLineTradeDelivery>
            <ram:SpecifiedLineTradeSettlement>
                <ram:SpecifiedTradeSettlementLineMonetarySummation>
                    <ram:NetLineTotalAmount>179900.00</ram:NetLineTotalAmount>
                    <ram:NetIncludingTaxesLineTotalAmount>20000.00</ram:NetIncludingTaxesLineTotalAmount>                        
                </ram:SpecifiedTradeSettlementLineMonetarySummation>
            </ram:SpecifiedLineTradeSettlement>
            
        </ram:IncludedSupplyChainTradeLineItem>        
    </rsm:SupplyChainTradeTransaction>
</rsm:AbbreviatedTaxInvoice_CrossIndustryInvoice>
